order_id,product_id,date,quantity
1,31,2021-08-10,92
2,38,2021-08-02,46
3,47,2021-08-01,48
4,33,2021-08-09,18
5,29,2021-08-05,39
6,5,2021-08-07,20
7,46,2021-08-04,36
8,40,2021-08-10,28
9,43,2021-08-08,27
10,5,2021-08-08,39
11,36,2021-08-05,75
12,9,2021-08-10,43
13,19,2021-08-04,98
14,23,2021-08-09,7
15,43,2021-08-01,99
16,19,2021-08-05,49
17,10,2021-08-10,81
18,43,2021-08-08,18
19,24,2021-08-09,27
20,29,2021-08-01,64
21,49,2021-08-11,14
22,6,2021-08-01,92
23,16,2021-08-03,49
24,16,2021-08-09,43
25,9,2021-08-02,84
26,3,2021-08-04,27
27,33,2021-08-06,46
28,17,2021-08-01,60
29,26,2021-08-11,99
30,30,2021-08-01,65
31,11,2021-08-11,70
32,16,2021-08-01,61
33,31,2021-08-03,36
34,24,2021-08-05,52
35,27,2021-08-10,41
36,5,2021-08-02,12
37,33,2021-08-08,96
38,42,2021-08-05,13
39,30,2021-08-08,46
40,45,2021-08-07,95
41,18,2021-08-01,86
42,26,2021-08-01,4
43,9,2021-08-11,25
44,29,2021-08-04,8
45,37,2021-08-08,91
46,31,2021-08-10,33
47,9,2021-08-11,6
48,19,2021-08-08,44
49,12,2021-08-10,67
50,19,2021-08-04,47
51,13,2021-08-07,21
52,30,2021-08-05,27
53,16,2021-08-07,68
54,38,2021-08-06,93
55,29,2021-08-06,92
56,32,2021-08-08,83
57,44,2021-08-10,28
58,15,2021-08-08,87
59,8,2021-08-08,33
60,4,2021-08-07,80
61,47,2021-08-02,9
62,44,2021-08-10,52
63,27,2021-08-05,34
64,32,2021-08-09,1
65,49,2021-08-11,42
66,24,2021-08-05,31
67,49,2021-08-10,45
68,46,2021-08-08,63
69,37,2021-08-02,100
70,13,2021-08-05,28
71,23,2021-08-10,17
72,25,2021-08-04,76
73,44,2021-08-02,47
74,40,2021-08-07,94
75,36,2021-08-11,62
76,16,2021-08-07,49
77,8,2021-08-06,1
78,26,2021-08-11,56
79,34,2021-08-03,93
80,31,2021-08-11,71
81,13,2021-08-09,72
82,35,2021-08-11,77
83,1,2021-08-11,18
84,34,2021-08-07,5
85,20,2021-08-01,93
86,28,2021-08-02,74
87,45,2021-08-02,20
88,19,2021-08-05,24
89,28,2021-08-07,93
90,22,2021-08-07,12
91,1,2021-08-11,20
92,36,2021-08-10,32
93,42,2021-08-05,25
94,3,2021-08-06,17
95,38,2021-08-06,43
96,15,2021-08-03,46
97,32,2021-08-08,19
98,17,2021-08-10,3
99,48,2021-08-01,32
100,33,2021-08-07,87
101,13,2021-08-08,42
102,30,2021-08-04,23
103,47,2021-08-05,61
104,34,2021-08-01,78
105,45,2021-08-04,99
106,10,2021-08-06,80
107,31,2021-08-03,76
108,46,2021-08-02,91
109,6,2021-08-06,14
110,6,2021-08-10,42
111,30,2021-08-07,59
112,17,2021-08-04,41
113,36,2021-08-10,73
114,2,2021-08-04,99
115,11,2021-08-04,9
116,11,2021-08-11,2
117,30,2021-08-08,93
118,24,2021-08-01,72
119,49,2021-08-07,23
120,32,2021-08-05,5
121,7,2021-08-10,32
122,30,2021-08-07,60
123,18,2021-08-04,77
124,45,2021-08-04,81
125,24,2021-08-01,60
126,29,2021-08-04,81
127,3,2021-08-06,57
128,33,2021-08-01,67
129,25,2021-08-02,75
130,13,2021-08-10,41
131,29,2021-08-10,29
132,12,2021-08-05,26
133,37,2021-08-06,54
134,34,2021-08-08,75
135,18,2021-08-06,54
136,48,2021-08-06,14
137,37,2021-08-02,33
138,45,2021-08-10,87
139,21,2021-08-10,31
140,6,2021-08-08,58
141,5,2021-08-02,59
142,29,2021-08-08,13
143,12,2021-08-11,49
144,42,2021-08-10,40
145,22,2021-08-02,88
146,21,2021-08-06,39
147,44,2021-08-09,54
148,43,2021-08-01,35
149,34,2021-08-02,68
150,35,2021-08-01,10
151,39,2021-08-04,97
152,27,2021-08-06,97
153,11,2021-08-05,27
154,6,2021-08-03,80
155,8,2021-08-02,63
156,48,2021-08-09,6
157,18,2021-08-02,75
158,6,2021-08-09,37
159,31,2021-08-05,85
160,42,2021-08-08,53
161,41,2021-08-05,8
162,38,2021-08-04,80
163,27,2021-08-04,24
164,24,2021-08-10,4
165,32,2021-08-10,46
166,47,2021-08-06,72
167,23,2021-08-11,27
168,15,2021-08-07,69
169,7,2021-08-02,68
170,2,2021-08-02,24
171,26,2021-08-05,98
172,28,2021-08-06,85
173,38,2021-08-07,38
174,1,2021-08-07,53
175,45,2021-08-11,76
176,13,2021-08-04,99
177,39,2021-08-04,67
178,44,2021-08-03,53
179,39,2021-08-03,21
180,33,2021-08-10,30
181,14,2021-08-04,24
182,19,2021-08-11,83
183,25,2021-08-07,55
184,25,2021-08-10,46
185,12,2021-08-08,8
186,32,2021-08-11,62
187,7,2021-08-03,100
188,43,2021-08-05,28
189,33,2021-08-06,91
190,33,2021-08-09,35
191,35,2021-08-02,52
192,18,2021-08-03,98
193,1,2021-08-10,78
194,10,2021-08-04,61
195,36,2021-08-06,12
196,32,2021-08-08,72
197,34,2021-08-04,28
198,34,2021-08-11,35
199,29,2021-08-03,81
200,41,2021-08-01,29
201,26,2021-08-03,67
202,20,2021-08-08,40
203,17,2021-08-10,86
204,40,2021-08-04,99
205,7,2021-08-03,28
206,21,2021-08-10,23
207,3,2021-08-06,33
208,19,2021-08-08,66
209,15,2021-08-03,42
210,36,2021-08-10,98
211,36,2021-08-11,25
212,12,2021-08-04,53
213,46,2021-08-06,84
214,31,2021-08-07,81
215,27,2021-08-06,10
216,14,2021-08-01,18
217,44,2021-08-01,84
218,34,2021-08-11,96
219,17,2021-08-10,79
220,38,2021-08-08,7
221,14,2021-08-08,34
222,41,2021-08-10,1
223,41,2021-08-10,35
224,40,2021-08-02,31
225,27,2021-08-07,45
226,33,2021-08-08,29
227,23,2021-08-07,28
228,10,2021-08-06,83
229,25,2021-08-06,24
230,44,2021-08-04,55
231,33,2021-08-06,26
232,16,2021-08-01,45
233,29,2021-08-04,76
234,9,2021-08-11,55
235,22,2021-08-02,71
236,29,2021-08-10,71
237,3,2021-08-02,2
238,4,2021-08-05,43
239,11,2021-08-08,3
240,33,2021-08-11,96
241,15,2021-08-10,62
242,30,2021-08-06,38
243,23,2021-08-02,20
244,31,2021-08-06,10
245,44,2021-08-07,13
246,8,2021-08-11,2
247,46,2021-08-05,18
248,44,2021-08-09,15
249,28,2021-08-09,14
250,15,2021-08-11,99
251,3,2021-08-06,57
252,10,2021-08-01,91
253,30,2021-08-08,8
254,2,2021-08-06,16
255,17,2021-08-10,85
256,11,2021-08-08,19
257,9,2021-08-09,61
258,31,2021-08-10,56
259,29,2021-08-01,90
260,22,2021-08-10,56
261,5,2021-08-07,100
262,36,2021-08-11,12
263,1,2021-08-08,69
264,2,2021-08-06,37
265,45,2021-08-01,43
266,29,2021-08-08,76
267,21,2021-08-06,33
268,8,2021-08-08,76
269,25,2021-08-08,13
270,41,2021-08-01,59
271,38,2021-08-05,38
272,18,2021-08-10,25
273,37,2021-08-08,23
274,44,2021-08-09,10
275,2,2021-08-03,42
276,24,2021-08-09,33
277,8,2021-08-06,40
278,11,2021-08-10,72
279,46,2021-08-05,66
280,14,2021-08-05,36
281,32,2021-08-11,48
282,22,2021-08-07,56
283,31,2021-08-01,41
284,2,2021-08-02,23
285,34,2021-08-07,32
286,17,2021-08-07,7
287,31,2021-08-02,98
288,49,2021-08-05,88
289,49,2021-08-05,31
290,23,2021-08-07,39
291,22,2021-08-05,52
292,45,2021-08-07,43
293,41,2021-08-10,36
294,19,2021-08-02,91
295,46,2021-08-08,79
296,13,2021-08-11,96
297,16,2021-08-08,29
298,46,2021-08-05,89
299,17,2021-08-05,70
300,33,2021-08-03,3
301,3,2021-08-04,43
302,5,2021-08-10,23
303,33,2021-08-03,33
304,38,2021-08-09,21
305,41,2021-08-02,22
306,5,2021-08-03,55
307,11,2021-08-02,12
308,18,2021-08-10,21
309,6,2021-08-10,65
310,12,2021-08-04,32
311,22,2021-08-07,49
312,12,2021-08-09,64
313,30,2021-08-06,10
314,44,2021-08-03,75
315,26,2021-08-09,37
316,37,2021-08-06,45
317,7,2021-08-10,24
318,33,2021-08-11,93
319,33,2021-08-08,61
320,39,2021-08-07,13
321,6,2021-08-06,91
322,6,2021-08-08,87
323,44,2021-08-11,52
324,15,2021-08-11,17
325,6,2021-08-09,6
326,39,2021-08-08,75
327,11,2021-08-02,31
328,10,2021-08-04,21
329,1,2021-08-02,78
330,31,2021-08-10,100
331,36,2021-08-06,47
332,22,2021-08-01,92
333,18,2021-08-09,2
334,37,2021-08-09,44
335,5,2021-08-05,63
336,9,2021-08-02,15
337,26,2021-08-11,100
338,31,2021-08-06,5
339,49,2021-08-01,99
340,45,2021-08-07,73
341,33,2021-08-11,60
342,15,2021-08-02,10
343,10,2021-08-04,72
344,32,2021-08-09,93
345,5,2021-08-11,55
346,42,2021-08-05,88
347,21,2021-08-07,8
348,32,2021-08-04,31
349,13,2021-08-01,63
350,26,2021-08-08,12
351,26,2021-08-07,28
352,47,2021-08-01,39
353,36,2021-08-07,67
354,1,2021-08-02,64
355,27,2021-08-07,20
356,20,2021-08-06,34
357,27,2021-08-05,58
358,19,2021-08-07,2
359,23,2021-08-11,48
360,43,2021-08-07,100
361,13,2021-08-06,38
362,27,2021-08-06,78
363,8,2021-08-09,32
364,40,2021-08-08,37
365,43,2021-08-01,43
366,8,2021-08-05,98
367,30,2021-08-03,74
368,43,2021-08-03,13
369,38,2021-08-06,96
370,22,2021-08-07,86
371,30,2021-08-10,77
372,44,2021-08-07,21
373,1,2021-08-06,14
374,3,2021-08-05,82
375,4,2021-08-04,65
376,46,2021-08-03,59
377,22,2021-08-07,62
378,13,2021-08-02,5
379,44,2021-08-09,70
380,11,2021-08-05,25
381,33,2021-08-03,77
382,13,2021-08-05,42
383,23,2021-08-08,70
384,25,2021-08-05,50
385,6,2021-08-05,4
386,3,2021-08-01,73
387,34,2021-08-05,6
388,16,2021-08-06,9
389,26,2021-08-11,60
390,37,2021-08-09,26
391,49,2021-08-09,79
392,39,2021-08-11,75
393,37,2021-08-11,51
394,34,2021-08-10,61
395,39,2021-08-09,16
396,1,2021-08-03,1
397,35,2021-08-05,22
398,39,2021-08-01,54
399,19,2021-08-05,98
400,8,2021-08-11,81
401,4,2021-08-11,77
402,8,2021-08-10,88
403,27,2021-08-08,88
404,25,2021-08-07,96
405,12,2021-08-08,70
406,38,2021-08-02,77
407,29,2021-08-06,26
408,40,2021-08-01,55
409,22,2021-08-06,8
410,17,2021-08-02,83
411,19,2021-08-01,74
412,3,2021-08-05,77
413,8,2021-08-08,94
414,8,2021-08-01,61
415,1,2021-08-03,76
416,10,2021-08-02,33
417,41,2021-08-07,5
418,31,2021-08-05,53
419,32,2021-08-11,10
420,41,2021-08-07,4
421,43,2021-08-07,41
422,26,2021-08-10,95
423,16,2021-08-06,53
424,31,2021-08-08,48
425,3,2021-08-07,36
426,23,2021-08-09,81
427,7,2021-08-07,13
428,29,2021-08-03,50
429,2,2021-08-10,88
430,18,2021-08-04,6
431,4,2021-08-08,92
432,43,2021-08-04,43
433,35,2021-08-08,39
434,35,2021-08-04,90
435,7,2021-08-03,38
436,5,2021-08-10,32
437,14,2021-08-02,65
438,14,2021-08-11,100
439,26,2021-08-05,80
440,10,2021-08-02,44
441,19,2021-08-03,57
442,47,2021-08-04,34
443,28,2021-08-04,76
444,9,2021-08-11,27
445,41,2021-08-06,55
446,32,2021-08-03,41
447,5,2021-08-01,82
448,4,2021-08-03,33
449,31,2021-08-03,44
450,17,2021-08-07,87
451,2,2021-08-07,41
452,43,2021-08-01,76
453,33,2021-08-07,17
454,37,2021-08-05,49
455,32,2021-08-04,49
456,37,2021-08-10,18
457,21,2021-08-04,2
458,25,2021-08-07,69
459,37,2021-08-07,80
460,31,2021-08-02,31
461,24,2021-08-02,98
462,20,2021-08-03,35
463,24,2021-08-07,83
464,43,2021-08-06,12
465,32,2021-08-09,32
466,11,2021-08-05,2
467,16,2021-08-07,81
468,10,2021-08-10,62
469,41,2021-08-11,96
470,3,2021-08-10,21
471,43,2021-08-09,80
472,22,2021-08-11,35
473,48,2021-08-07,37
474,9,2021-08-06,29
475,42,2021-08-06,48
476,18,2021-08-01,98
477,10,2021-08-06,14
478,12,2021-08-09,98
479,26,2021-08-07,25
480,6,2021-08-09,95
481,48,2021-08-06,74
482,35,2021-08-05,68
483,22,2021-08-06,24
484,41,2021-08-04,25
485,36,2021-08-08,11
486,43,2021-08-04,83
487,32,2021-08-11,33
488,35,2021-08-11,34
489,32,2021-08-02,51
490,18,2021-08-11,90
491,20,2021-08-09,31
492,13,2021-08-09,21
493,18,2021-08-09,73
494,48,2021-08-07,20
495,37,2021-08-01,79
496,47,2021-08-02,90
497,10,2021-08-04,9
498,15,2021-08-09,27
499,15,2021-08-09,65
500,1,2021-08-01,89
501,42,2021-08-11,1
502,21,2021-08-05,55
503,22,2021-08-01,48
504,45,2021-08-06,86
505,29,2021-08-05,53
506,17,2021-08-08,7
507,49,2021-08-03,14
508,9,2021-08-05,99
509,6,2021-08-02,94
510,8,2021-08-03,48
511,8,2021-08-03,78
512,40,2021-08-08,94
513,36,2021-08-10,34
514,2,2021-08-02,16
515,18,2021-08-06,16
516,42,2021-08-02,62
517,13,2021-08-04,77
518,17,2021-08-06,46
519,2,2021-08-11,38
520,26,2021-08-05,10
521,34,2021-08-02,8
522,22,2021-08-11,47
523,18,2021-08-08,2
524,4,2021-08-10,50
525,26,2021-08-07,45
526,14,2021-08-08,74
527,28,2021-08-10,60
528,23,2021-08-08,5
529,15,2021-08-11,73
530,34,2021-08-10,29
531,35,2021-08-01,51
532,6,2021-08-04,30
533,20,2021-08-10,49
534,4,2021-08-11,92
535,21,2021-08-04,30
536,8,2021-08-09,79
537,44,2021-08-06,35
538,49,2021-08-01,93
539,40,2021-08-08,23
540,24,2021-08-01,43
541,1,2021-08-07,37
542,21,2021-08-11,61
543,9,2021-08-04,40
544,41,2021-08-01,47
545,18,2021-08-10,40
546,8,2021-08-07,19
547,45,2021-08-09,3
548,12,2021-08-05,17
549,13,2021-08-10,68
550,15,2021-08-01,57
551,9,2021-08-07,19
552,34,2021-08-06,50
553,23,2021-08-06,63
554,40,2021-08-03,84
555,15,2021-08-10,44
556,38,2021-08-03,53
557,30,2021-08-10,70
558,44,2021-08-02,27
559,21,2021-08-07,83
560,17,2021-08-04,64
561,16,2021-08-04,86
562,33,2021-08-01,95
563,23,2021-08-02,28
564,22,2021-08-03,33
565,5,2021-08-03,25
566,6,2021-08-03,65
567,20,2021-08-10,92
568,11,2021-08-08,14
569,28,2021-08-06,84
570,6,2021-08-04,65
571,19,2021-08-02,72
572,28,2021-08-02,44
573,31,2021-08-06,99
574,2,2021-08-04,10
575,34,2021-08-07,61
576,7,2021-08-08,35
577,43,2021-08-04,18
578,25,2021-08-10,26
579,1,2021-08-11,14
580,36,2021-08-08,27
581,48,2021-08-11,56
582,14,2021-08-10,15
583,9,2021-08-08,63
584,26,2021-08-03,77
585,49,2021-08-03,25
586,37,2021-08-09,51
587,31,2021-08-06,17
588,12,2021-08-06,69
589,23,2021-08-08,10
590,32,2021-08-05,82
591,46,2021-08-01,84
592,13,2021-08-08,21
593,41,2021-08-05,11
594,29,2021-08-02,25
595,13,2021-08-09,14
596,42,2021-08-09,46
597,40,2021-08-10,18
598,22,2021-08-11,75
599,8,2021-08-01,19
600,46,2021-08-01,61
601,16,2021-08-06,94
602,3,2021-08-09,65
603,25,2021-08-11,36
604,47,2021-08-11,70
605,18,2021-08-04,16
606,4,2021-08-11,66
607,33,2021-08-01,39
608,38,2021-08-01,85
609,40,2021-08-07,66
610,20,2021-08-10,98
611,42,2021-08-11,19
612,38,2021-08-10,90
613,5,2021-08-01,66
614,22,2021-08-10,10
615,8,2021-08-07,58
616,37,2021-08-10,97
617,29,2021-08-08,44
618,15,2021-08-06,95
619,4,2021-08-07,66
620,34,2021-08-04,61
621,25,2021-08-03,71
622,14,2021-08-01,34
623,5,2021-08-09,75
624,9,2021-08-08,11
625,29,2021-08-05,46
626,42,2021-08-06,6
627,26,2021-08-11,78
628,32,2021-08-03,18
629,42,2021-08-10,82
630,20,2021-08-09,51
631,5,2021-08-06,81
632,14,2021-08-02,85
633,6,2021-08-08,83
634,18,2021-08-02,4
635,5,2021-08-03,49
636,36,2021-08-11,71
637,6,2021-08-11,22
638,35,2021-08-01,28
639,22,2021-08-05,97
640,1,2021-08-02,56
641,32,2021-08-04,30
642,46,2021-08-01,59
643,32,2021-08-02,12
644,22,2021-08-06,31
645,48,2021-08-04,98
646,27,2021-08-07,98
647,31,2021-08-01,57
648,1,2021-08-04,71
649,7,2021-08-10,10
650,8,2021-08-07,68
651,24,2021-08-04,43
652,35,2021-08-06,86
653,30,2021-08-02,21
654,12,2021-08-05,3
655,44,2021-08-10,83
656,26,2021-08-05,92
657,12,2021-08-02,96
658,25,2021-08-09,61
659,28,2021-08-10,83
660,33,2021-08-01,34
661,17,2021-08-10,79
662,22,2021-08-06,51
663,21,2021-08-07,39
664,12,2021-08-07,71
665,10,2021-08-03,81
666,5,2021-08-01,54
667,49,2021-08-06,51
668,25,2021-08-03,19
669,21,2021-08-11,69
670,33,2021-08-11,48
671,48,2021-08-11,79
672,32,2021-08-06,78
673,11,2021-08-06,28
674,19,2021-08-06,11
675,14,2021-08-05,66
676,15,2021-08-03,74
677,4,2021-08-06,55
678,42,2021-08-10,32
679,49,2021-08-07,68
680,21,2021-08-11,8
681,13,2021-08-04,80
682,32,2021-08-06,14
683,20,2021-08-09,84
684,31,2021-08-03,74
685,17,2021-08-10,4
686,5,2021-08-02,22
687,35,2021-08-01,51
688,46,2021-08-05,74
689,25,2021-08-02,17
690,17,2021-08-07,50
691,42,2021-08-05,58
692,11,2021-08-11,70
693,15,2021-08-01,41
694,22,2021-08-02,7
695,44,2021-08-09,14
696,16,2021-08-01,68
697,5,2021-08-03,40
698,33,2021-08-08,77
699,11,2021-08-09,34
700,2,2021-08-09,67
701,43,2021-08-01,71
702,38,2021-08-11,92
703,15,2021-08-03,42
704,35,2021-08-11,56
705,1,2021-08-04,59
706,32,2021-08-02,89
707,34,2021-08-07,35
708,13,2021-08-11,64
709,32,2021-08-05,48
710,11,2021-08-03,20
711,39,2021-08-07,21
712,38,2021-08-02,56
713,9,2021-08-06,33
714,26,2021-08-02,25
715,39,2021-08-07,76
716,30,2021-08-01,74
717,41,2021-08-07,3
718,33,2021-08-11,13
719,1,2021-08-05,41
720,20,2021-08-10,59
721,16,2021-08-04,86
722,44,2021-08-11,72
723,39,2021-08-05,98
724,41,2021-08-03,53
725,19,2021-08-02,99
726,17,2021-08-09,4
727,42,2021-08-01,62
728,34,2021-08-11,86
729,20,2021-08-11,92
730,35,2021-08-01,97
731,36,2021-08-05,30
732,17,2021-08-09,4
733,10,2021-08-02,23
734,34,2021-08-09,35
735,15,2021-08-02,21
736,24,2021-08-04,85
737,10,2021-08-02,95
738,44,2021-08-01,93
739,2,2021-08-11,6
740,2,2021-08-07,72
741,25,2021-08-05,29
742,41,2021-08-01,51
743,26,2021-08-02,59
744,29,2021-08-06,14
745,45,2021-08-07,87
746,2,2021-08-11,86
747,30,2021-08-05,98
748,36,2021-08-08,21
749,38,2021-08-02,64
750,11,2021-08-04,99
751,3,2021-08-07,69
752,43,2021-08-07,52
753,34,2021-08-10,68
754,6,2021-08-08,38
755,38,2021-08-06,22
756,1,2021-08-04,95
757,41,2021-08-07,63
758,47,2021-08-11,88
759,38,2021-08-02,44
760,14,2021-08-07,86
761,21,2021-08-07,72
762,37,2021-08-06,15
763,17,2021-08-01,20
764,22,2021-08-07,29
765,14,2021-08-03,65
766,24,2021-08-02,42
767,13,2021-08-10,98
768,15,2021-08-03,82
769,26,2021-08-10,63
770,47,2021-08-06,36
771,29,2021-08-02,78
772,17,2021-08-02,78
773,39,2021-08-09,92
774,29,2021-08-07,21
775,39,2021-08-07,42
776,48,2021-08-05,76
777,1,2021-08-10,91
778,2,2021-08-11,42
779,37,2021-08-08,68
780,10,2021-08-04,47
781,1,2021-08-09,99
782,36,2021-08-04,18
783,13,2021-08-05,85
784,4,2021-08-02,55
785,42,2021-08-10,31
786,20,2021-08-04,65
787,22,2021-08-02,24
788,12,2021-08-03,52
789,40,2021-08-04,15
790,29,2021-08-11,93
791,14,2021-08-07,21
792,40,2021-08-07,91
793,49,2021-08-10,55
794,28,2021-08-02,1
795,26,2021-08-04,25
796,24,2021-08-10,94
797,43,2021-08-07,45
798,21,2021-08-04,62
799,22,2021-08-05,88
800,16,2021-08-10,74
801,14,2021-08-07,33
802,6,2021-08-01,18
803,19,2021-08-06,71
804,35,2021-08-09,85
805,38,2021-08-03,37
806,24,2021-08-04,47
807,44,2021-08-01,64
808,9,2021-08-11,27
809,6,2021-08-07,44
810,10,2021-08-10,91
811,33,2021-08-07,81
812,26,2021-08-01,61
813,10,2021-08-08,75
814,24,2021-08-08,39
815,21,2021-08-03,76
816,44,2021-08-09,38
817,25,2021-08-10,15
818,31,2021-08-09,24
819,30,2021-08-11,96
820,16,2021-08-02,39
821,26,2021-08-05,59
822,34,2021-08-06,6
823,20,2021-08-06,96
824,47,2021-08-07,90
825,47,2021-08-09,84
826,34,2021-08-05,32
827,25,2021-08-05,56
828,34,2021-08-10,83
829,15,2021-08-02,75
830,8,2021-08-10,81
831,34,2021-08-08,50
832,46,2021-08-05,73
833,26,2021-08-10,65
834,45,2021-08-09,85
835,37,2021-08-08,53
836,14,2021-08-01,11
837,36,2021-08-03,75
838,6,2021-08-04,9
839,9,2021-08-05,9
840,45,2021-08-09,87
841,25,2021-08-05,56
842,28,2021-08-10,38
843,36,2021-08-10,59
844,17,2021-08-08,39
845,41,2021-08-06,90
846,30,2021-08-06,60
847,19,2021-08-06,99
848,39,2021-08-02,43
849,7,2021-08-11,91
850,40,2021-08-05,74
851,39,2021-08-06,97
852,19,2021-08-04,68
853,42,2021-08-11,64
854,15,2021-08-04,17
855,22,2021-08-03,94
856,28,2021-08-07,23
857,21,2021-08-03,71
858,22,2021-08-04,30
859,32,2021-08-10,97
860,32,2021-08-08,3
861,18,2021-08-11,88
862,48,2021-08-05,11
863,29,2021-08-07,64
864,38,2021-08-06,93
865,41,2021-08-05,83
866,47,2021-08-01,11
867,16,2021-08-05,63
868,10,2021-08-03,73
869,41,2021-08-07,97
870,17,2021-08-09,41
871,27,2021-08-09,59
872,23,2021-08-06,61
873,6,2021-08-09,34
874,21,2021-08-05,90
875,39,2021-08-08,68
876,8,2021-08-07,73
877,46,2021-08-09,2
878,16,2021-08-03,88
879,45,2021-08-11,29
880,8,2021-08-01,13
881,10,2021-08-06,85
882,44,2021-08-03,90
883,11,2021-08-03,49
884,17,2021-08-01,64
885,8,2021-08-05,57
886,42,2021-08-09,46
887,31,2021-08-01,77
888,15,2021-08-07,71
889,25,2021-08-02,41
890,24,2021-08-09,73
891,26,2021-08-10,43
892,19,2021-08-06,19
893,12,2021-08-10,52
894,26,2021-08-03,13
895,11,2021-08-07,100
896,20,2021-08-07,99
897,11,2021-08-06,22
898,22,2021-08-08,15
899,31,2021-08-03,74
900,1,2021-08-04,26
901,8,2021-08-04,69
902,39,2021-08-08,3
903,1,2021-08-10,39
904,49,2021-08-11,86
905,44,2021-08-01,91
906,12,2021-08-07,100
907,39,2021-08-02,41
908,20,2021-08-02,90
909,27,2021-08-10,77
910,22,2021-08-05,99
911,20,2021-08-01,75
912,37,2021-08-05,92
913,47,2021-08-10,34
914,22,2021-08-10,35
915,40,2021-08-09,70
916,20,2021-08-07,87
917,39,2021-08-04,64
918,6,2021-08-01,10
919,7,2021-08-02,51
920,48,2021-08-05,48
921,26,2021-08-04,14
922,17,2021-08-01,12
923,3,2021-08-04,38
924,10,2021-08-03,6
925,33,2021-08-09,5
926,48,2021-08-07,51
927,41,2021-08-08,88
928,18,2021-08-04,92
929,43,2021-08-01,79
930,33,2021-08-08,1
931,11,2021-08-08,76
932,14,2021-08-10,90
933,22,2021-08-07,84
934,31,2021-08-06,15
935,20,2021-08-02,25
936,1,2021-08-06,43
937,31,2021-08-11,13
938,19,2021-08-02,7
939,45,2021-08-10,32
940,47,2021-08-09,43
941,3,2021-08-08,67
942,48,2021-08-06,39
943,42,2021-08-09,22
944,28,2021-08-02,3
945,16,2021-08-10,52
946,10,2021-08-09,3
947,12,2021-08-10,100
948,47,2021-08-01,82
949,47,2021-08-04,35
950,39,2021-08-01,70
951,23,2021-08-11,9
952,13,2021-08-10,81
953,45,2021-08-10,99
954,2,2021-08-02,22
955,3,2021-08-06,4
956,34,2021-08-09,33
957,40,2021-08-08,37
958,24,2021-08-01,11
959,35,2021-08-10,70
960,49,2021-08-03,91
961,9,2021-08-07,1
962,21,2021-08-09,4
963,35,2021-08-11,100
964,15,2021-08-11,54
965,26,2021-08-03,61
966,35,2021-08-07,65
967,2,2021-08-07,76
968,24,2021-08-05,32
969,12,2021-08-01,77
970,2,2021-08-02,13
971,49,2021-08-10,32
972,27,2021-08-01,95
973,40,2021-08-10,30
974,2,2021-08-05,59
975,32,2021-08-05,51
976,8,2021-08-07,3
977,20,2021-08-06,3
978,45,2021-08-08,97
979,33,2021-08-03,24
980,38,2021-08-09,62
981,49,2021-08-03,31
982,21,2021-08-11,12
983,19,2021-08-01,73
984,6,2021-08-04,88
985,2,2021-08-10,68
986,9,2021-08-09,91
987,7,2021-08-11,67
988,9,2021-08-10,94
989,39,2021-08-06,9
990,9,2021-08-03,45
991,29,2021-08-11,77
992,21,2021-08-04,77
993,44,2021-08-06,69
994,6,2021-08-03,80
995,28,2021-08-05,83
996,24,2021-08-10,67
997,23,2021-08-01,77
998,12,2021-08-05,19
999,13,2021-08-06,1
1000,2,2021-08-11,15
1001,13,2021-08-01,88
1002,24,2021-08-04,11
1003,6,2021-08-04,39
1004,6,2021-08-07,60
1005,6,2021-08-07,18
1006,26,2021-08-10,84
1007,7,2021-08-01,26
1008,2,2021-08-01,64
1009,46,2021-08-04,50
1010,33,2021-08-06,56
1011,25,2021-08-07,84
1012,13,2021-08-07,13
1013,26,2021-08-07,91
1014,37,2021-08-02,66
1015,28,2021-08-10,13
1016,38,2021-08-03,13
1017,2,2021-08-06,18
1018,10,2021-08-09,70
1019,39,2021-08-02,9
1020,30,2021-08-03,15
1021,28,2021-08-08,87
1022,15,2021-08-09,67
1023,20,2021-08-11,51
1024,17,2021-08-03,23
1025,37,2021-08-02,70
1026,4,2021-08-06,63
1027,31,2021-08-07,77
1028,34,2021-08-11,60
1029,48,2021-08-01,75
1030,9,2021-08-06,48
1031,5,2021-08-10,29
1032,22,2021-08-04,37
1033,44,2021-08-09,98
1034,12,2021-08-07,21
1035,7,2021-08-10,29
1036,13,2021-08-08,23
1037,18,2021-08-04,46
1038,4,2021-08-02,98
1039,11,2021-08-01,4
1040,33,2021-08-05,73
1041,45,2021-08-09,89
1042,38,2021-08-04,96
1043,27,2021-08-10,69
1044,33,2021-08-01,93
1045,49,2021-08-08,18
1046,4,2021-08-09,50
1047,42,2021-08-11,100
1048,26,2021-08-09,18
1049,34,2021-08-09,12
1050,30,2021-08-09,15
1051,31,2021-08-10,58
1052,33,2021-08-04,69
1053,36,2021-08-05,58
1054,2,2021-08-08,52
1055,25,2021-08-06,83
1056,37,2021-08-08,79
1057,7,2021-08-03,34
1058,44,2021-08-01,8
1059,19,2021-08-04,17
1060,21,2021-08-05,7
1061,8,2021-08-07,9
1062,22,2021-08-02,78
1063,3,2021-08-05,7
1064,31,2021-08-03,1
1065,21,2021-08-01,98
1066,28,2021-08-02,2
1067,23,2021-08-03,33
1068,34,2021-08-11,63
1069,31,2021-08-07,58
1070,46,2021-08-02,51
1071,42,2021-08-03,61
1072,2,2021-08-09,41
1073,24,2021-08-02,42
1074,8,2021-08-01,54
1075,42,2021-08-03,38
1076,39,2021-08-01,53
1077,15,2021-08-02,65
1078,18,2021-08-05,67
1079,23,2021-08-09,85
1080,15,2021-08-11,3
1081,29,2021-08-03,93
1082,38,2021-08-03,2
1083,19,2021-08-10,96
1084,35,2021-08-06,86
1085,18,2021-08-08,30
1086,41,2021-08-02,66
1087,35,2021-08-11,87
1088,17,2021-08-01,9
1089,46,2021-08-09,36
1090,6,2021-08-07,14
1091,23,2021-08-09,12
1092,11,2021-08-10,55
1093,47,2021-08-09,79
1094,37,2021-08-07,32
1095,8,2021-08-10,79
1096,18,2021-08-05,19
1097,26,2021-08-02,86
1098,41,2021-08-05,62
1099,15,2021-08-07,92
1100,41,2021-08-03,22
1101,8,2021-08-09,22
1102,42,2021-08-06,66
1103,12,2021-08-02,96
1104,28,2021-08-08,52
1105,33,2021-08-04,88
1106,40,2021-08-10,15
1107,10,2021-08-04,55
1108,43,2021-08-08,83
1109,13,2021-08-07,51
1110,17,2021-08-08,46
1111,49,2021-08-02,74
1112,5,2021-08-02,37
1113,3,2021-08-05,6
1114,42,2021-08-06,17
1115,29,2021-08-06,48
1116,27,2021-08-01,37
1117,1,2021-08-08,48
1118,27,2021-08-06,54
1119,1,2021-08-02,38
1120,11,2021-08-08,85
1121,19,2021-08-01,32
1122,5,2021-08-06,17
1123,18,2021-08-10,35
1124,28,2021-08-01,37
1125,27,2021-08-05,16
1126,28,2021-08-07,92
1127,12,2021-08-05,16
1128,48,2021-08-10,89
1129,7,2021-08-02,13
1130,12,2021-08-05,21
1131,39,2021-08-04,99
1132,41,2021-08-08,31
1133,8,2021-08-04,79
1134,14,2021-08-11,41
1135,19,2021-08-03,45
1136,34,2021-08-01,80
1137,29,2021-08-10,69
1138,20,2021-08-07,57
1139,31,2021-08-08,54
1140,26,2021-08-01,1
1141,47,2021-08-11,10
1142,42,2021-08-04,59
1143,21,2021-08-10,40
1144,34,2021-08-02,58
1145,13,2021-08-06,64
1146,34,2021-08-09,37
1147,43,2021-08-07,98
1148,33,2021-08-01,2
1149,16,2021-08-11,54
1150,31,2021-08-08,16
1151,1,2021-08-02,60
1152,12,2021-08-05,2
1153,41,2021-08-07,66
1154,29,2021-08-06,97
1155,18,2021-08-03,64
1156,20,2021-08-11,13
1157,35,2021-08-03,52
1158,48,2021-08-06,77
1159,10,2021-08-08,91
1160,24,2021-08-10,97
1161,44,2021-08-05,33
1162,30,2021-08-03,78
1163,1,2021-08-04,44
1164,1,2021-08-10,27
1165,15,2021-08-01,53
1166,16,2021-08-11,18
1167,23,2021-08-11,74
1168,48,2021-08-02,97
1169,27,2021-08-06,39
1170,9,2021-08-09,99
1171,9,2021-08-01,32
1172,37,2021-08-02,44
1173,41,2021-08-02,57
1174,28,2021-08-03,52
1175,40,2021-08-07,25
1176,1,2021-08-04,27
1177,19,2021-08-06,92
1178,49,2021-08-10,100
1179,48,2021-08-08,100
1180,43,2021-08-06,18
1181,43,2021-08-06,3
1182,36,2021-08-05,72
1183,34,2021-08-08,24
1184,19,2021-08-09,84
1185,25,2021-08-04,4
1186,44,2021-08-01,18
1187,39,2021-08-11,52
1188,28,2021-08-09,60
1189,41,2021-08-04,48
1190,6,2021-08-06,15
1191,8,2021-08-11,30
1192,4,2021-08-05,50
1193,32,2021-08-07,34
1194,34,2021-08-04,81
1195,36,2021-08-11,35
1196,22,2021-08-04,49
1197,48,2021-08-05,35
1198,47,2021-08-09,29
1199,41,2021-08-07,62
1200,19,2021-08-01,77
1201,32,2021-08-03,62
1202,12,2021-08-10,94
1203,16,2021-08-06,68
1204,15,2021-08-04,42
1205,46,2021-08-10,8
1206,17,2021-08-10,25
1207,23,2021-08-05,49
1208,26,2021-08-08,68
1209,28,2021-08-10,33
1210,10,2021-08-11,72
1211,27,2021-08-10,58
1212,7,2021-08-09,38
1213,7,2021-08-08,35
1214,45,2021-08-04,82
1215,17,2021-08-10,63
1216,3,2021-08-08,69
1217,2,2021-08-10,60
1218,47,2021-08-03,8
1219,43,2021-08-02,9
1220,19,2021-08-02,82
1221,16,2021-08-05,95
1222,2,2021-08-05,62
1223,45,2021-08-09,82
1224,15,2021-08-04,54
1225,21,2021-08-06,91
1226,12,2021-08-01,57
1227,43,2021-08-07,75
1228,36,2021-08-04,6
1229,20,2021-08-08,81
1230,12,2021-08-11,80
1231,2,2021-08-03,30
1232,5,2021-08-04,25
1233,3,2021-08-04,86
1234,38,2021-08-03,43
1235,17,2021-08-10,60
1236,42,2021-08-02,9
1237,5,2021-08-07,27
1238,25,2021-08-06,68
1239,42,2021-08-08,3
1240,38,2021-08-03,96
1241,20,2021-08-04,80
1242,46,2021-08-04,91
1243,22,2021-08-10,41
1244,33,2021-08-05,92
1245,36,2021-08-10,93
1246,39,2021-08-11,62
1247,49,2021-08-08,12
1248,18,2021-08-05,44
1249,44,2021-08-04,61
1250,41,2021-08-07,66
1251,41,2021-08-08,72
1252,2,2021-08-11,94
1253,32,2021-08-05,30
1254,6,2021-08-11,3
1255,3,2021-08-09,20
1256,32,2021-08-06,30
1257,32,2021-08-03,25
1258,19,2021-08-10,87
1259,40,2021-08-03,55
1260,36,2021-08-05,51
1261,33,2021-08-06,13
1262,2,2021-08-08,100
1263,47,2021-08-07,76
1264,38,2021-08-02,63
1265,20,2021-08-04,86
1266,27,2021-08-06,69
1267,35,2021-08-03,17
1268,28,2021-08-01,74
1269,16,2021-08-10,31
1270,18,2021-08-03,2
1271,23,2021-08-03,43
1272,35,2021-08-03,55
1273,47,2021-08-03,75
1274,23,2021-08-04,57
1275,4,2021-08-04,87
1276,34,2021-08-05,75
1277,28,2021-08-11,70
1278,26,2021-08-07,31
1279,4,2021-08-03,91
1280,43,2021-08-08,76
1281,8,2021-08-11,74
1282,39,2021-08-04,3
1283,38,2021-08-01,46
1284,13,2021-08-03,32
1285,46,2021-08-02,59
1286,5,2021-08-08,100
1287,27,2021-08-03,40
1288,26,2021-08-08,49
1289,8,2021-08-06,50
1290,21,2021-08-07,37
1291,6,2021-08-07,50
1292,22,2021-08-06,92
1293,49,2021-08-08,39
1294,5,2021-08-02,94
1295,4,2021-08-01,17
1296,43,2021-08-01,89
1297,20,2021-08-11,33
1298,39,2021-08-03,47
1299,20,2021-08-05,65
1300,29,2021-08-06,42
1301,10,2021-08-10,6
1302,5,2021-08-04,96
1303,33,2021-08-06,75
1304,25,2021-08-08,42
1305,32,2021-08-05,93
1306,46,2021-08-11,22
1307,24,2021-08-11,97
1308,18,2021-08-11,13
1309,5,2021-08-07,40
1310,8,2021-08-03,15
1311,37,2021-08-03,22
1312,49,2021-08-05,100
1313,21,2021-08-11,59
1314,30,2021-08-05,31
1315,25,2021-08-10,5
1316,31,2021-08-04,68
1317,19,2021-08-01,77
1318,26,2021-08-11,24
1319,4,2021-08-09,14
1320,9,2021-08-07,96
1321,4,2021-08-09,85
1322,21,2021-08-01,41
1323,42,2021-08-06,57
1324,23,2021-08-10,60
1325,47,2021-08-01,31
1326,28,2021-08-11,22
1327,6,2021-08-02,73
1328,32,2021-08-09,89
1329,46,2021-08-07,54
1330,7,2021-08-08,45
1331,40,2021-08-06,45
1332,2,2021-08-09,1
1333,27,2021-08-10,50
1334,13,2021-08-05,39
1335,31,2021-08-11,98
1336,40,2021-08-05,74
1337,39,2021-08-10,93
1338,28,2021-08-08,29
1339,24,2021-08-06,82
1340,29,2021-08-11,95
1341,21,2021-08-04,48
1342,26,2021-08-05,23
1343,24,2021-08-01,48
1344,17,2021-08-08,88
1345,34,2021-08-08,98
1346,41,2021-08-09,23
1347,34,2021-08-04,75
1348,9,2021-08-11,17
1349,10,2021-08-10,6
1350,5,2021-08-04,50
1351,43,2021-08-06,57
1352,48,2021-08-01,100
1353,12,2021-08-05,97
1354,26,2021-08-11,34
1355,4,2021-08-04,18
1356,19,2021-08-04,54
1357,2,2021-08-10,90
1358,17,2021-08-05,6
1359,5,2021-08-10,19
1360,47,2021-08-03,78
1361,20,2021-08-06,88
1362,24,2021-08-08,8
1363,32,2021-08-07,79
1364,12,2021-08-11,80
1365,14,2021-08-05,96
1366,6,2021-08-04,75
1367,25,2021-08-11,77
1368,6,2021-08-03,47
1369,25,2021-08-07,90
1370,13,2021-08-04,83
1371,48,2021-08-02,48
1372,7,2021-08-07,85
1373,49,2021-08-05,75
1374,21,2021-08-02,9
1375,47,2021-08-02,6
1376,12,2021-08-09,58
1377,2,2021-08-07,6
1378,44,2021-08-10,81
1379,38,2021-08-02,41
1380,6,2021-08-07,1
1381,29,2021-08-01,44
1382,48,2021-08-11,9
1383,25,2021-08-02,23
1384,14,2021-08-08,15
1385,10,2021-08-05,24
1386,34,2021-08-04,12
1387,32,2021-08-03,55
1388,38,2021-08-04,64
1389,10,2021-08-09,45
1390,25,2021-08-08,98
1391,25,2021-08-07,55
1392,42,2021-08-10,78
1393,22,2021-08-01,57
1394,7,2021-08-05,75
1395,45,2021-08-08,18
1396,48,2021-08-02,93
1397,37,2021-08-10,53
1398,14,2021-08-02,86
1399,46,2021-08-01,45
1400,43,2021-08-05,14
1401,2,2021-08-08,50
1402,14,2021-08-10,67
1403,4,2021-08-06,30
1404,38,2021-08-11,92
1405,47,2021-08-02,54
1406,17,2021-08-11,67
1407,21,2021-08-02,81
1408,18,2021-08-04,29
1409,22,2021-08-09,42
1410,37,2021-08-06,98
1411,35,2021-08-02,97
1412,40,2021-08-09,37
1413,26,2021-08-06,92
1414,23,2021-08-05,49
1415,48,2021-08-10,10
1416,34,2021-08-05,99
1417,7,2021-08-10,23
1418,31,2021-08-06,46
1419,2,2021-08-08,59
1420,47,2021-08-10,74
1421,27,2021-08-04,79
1422,36,2021-08-05,78
1423,29,2021-08-08,18
1424,17,2021-08-01,14
1425,24,2021-08-06,76
1426,9,2021-08-11,38
1427,17,2021-08-05,11
1428,35,2021-08-10,90
1429,39,2021-08-07,8
1430,4,2021-08-08,47
1431,11,2021-08-06,89
1432,12,2021-08-08,68
1433,35,2021-08-04,45
1434,39,2021-08-02,88
1435,14,2021-08-09,44
1436,19,2021-08-03,94
1437,14,2021-08-03,46
1438,27,2021-08-10,31
1439,28,2021-08-06,56
1440,49,2021-08-04,91
1441,34,2021-08-03,88
1442,49,2021-08-06,29
1443,20,2021-08-05,77
1444,13,2021-08-11,1
1445,15,2021-08-06,44
1446,42,2021-08-09,77
1447,9,2021-08-11,47
1448,13,2021-08-07,43
1449,46,2021-08-07,10
1450,49,2021-08-02,97
1451,19,2021-08-01,32
1452,14,2021-08-09,5
1453,27,2021-08-10,80
1454,19,2021-08-11,48
1455,17,2021-08-10,27
1456,4,2021-08-08,84
1457,8,2021-08-04,42
1458,11,2021-08-07,57
1459,26,2021-08-10,22
1460,48,2021-08-03,15
1461,42,2021-08-05,39
1462,3,2021-08-09,24
1463,11,2021-08-05,70
1464,34,2021-08-10,96
1465,4,2021-08-07,26
1466,7,2021-08-10,60
1467,49,2021-08-11,15
1468,13,2021-08-06,40
1469,48,2021-08-03,100
1470,47,2021-08-10,2
1471,20,2021-08-03,17
1472,35,2021-08-05,27
1473,14,2021-08-01,75
1474,25,2021-08-08,93
1475,36,2021-08-08,3
1476,2,2021-08-03,61
1477,42,2021-08-08,93
1478,40,2021-08-01,6
1479,12,2021-08-09,73
1480,27,2021-08-08,59
1481,10,2021-08-02,78
1482,28,2021-08-10,11
1483,45,2021-08-02,42
1484,43,2021-08-08,14
1485,42,2021-08-10,67
1486,3,2021-08-11,84
1487,31,2021-08-05,95
1488,16,2021-08-04,52
1489,46,2021-08-05,90
1490,32,2021-08-10,79
1491,28,2021-08-06,3
1492,21,2021-08-11,74
1493,49,2021-08-02,49
1494,14,2021-08-03,44
1495,41,2021-08-03,67
1496,7,2021-08-07,93
1497,24,2021-08-02,21
1498,26,2021-08-07,56
1499,37,2021-08-02,51
1500,44,2021-08-06,4
1501,47,2021-08-06,63
1502,43,2021-08-05,43
1503,49,2021-08-04,81
1504,46,2021-08-10,28
1505,38,2021-08-03,26
1506,7,2021-08-04,95
1507,28,2021-08-01,25
1508,36,2021-08-02,22
1509,35,2021-08-03,32
1510,16,2021-08-06,89
1511,25,2021-08-03,51
1512,20,2021-08-07,25
1513,37,2021-08-02,90
1514,45,2021-08-08,98
1515,15,2021-08-08,6
1516,5,2021-08-10,94
1517,7,2021-08-06,95
1518,20,2021-08-10,19
1519,1,2021-08-10,23
1520,32,2021-08-06,75
1521,43,2021-08-07,41
1522,34,2021-08-06,31
1523,36,2021-08-08,35
1524,13,2021-08-03,73
1525,34,2021-08-10,84
1526,20,2021-08-07,34
1527,20,2021-08-06,96
1528,14,2021-08-11,54
1529,2,2021-08-07,65
1530,6,2021-08-04,90
1531,44,2021-08-03,82
1532,23,2021-08-06,29
1533,3,2021-08-11,66
1534,45,2021-08-11,75
1535,44,2021-08-09,10
1536,37,2021-08-07,36
1537,20,2021-08-04,2
1538,34,2021-08-06,14
1539,4,2021-08-10,27
1540,34,2021-08-11,16
1541,39,2021-08-01,42
1542,1,2021-08-01,74
1543,45,2021-08-04,26
1544,41,2021-08-10,57
1545,39,2021-08-10,81
1546,7,2021-08-11,45
1547,42,2021-08-04,64
1548,10,2021-08-11,34
1549,25,2021-08-10,45
1550,47,2021-08-03,62
1551,46,2021-08-06,72
1552,14,2021-08-11,85
1553,43,2021-08-07,54
1554,21,2021-08-03,19
1555,42,2021-08-11,65
1556,15,2021-08-11,30
1557,28,2021-08-09,7
1558,42,2021-08-04,38
1559,19,2021-08-11,45
1560,38,2021-08-01,79
1561,38,2021-08-09,5
1562,9,2021-08-11,63
1563,48,2021-08-03,29
1564,40,2021-08-03,5
1565,48,2021-08-09,4
1566,38,2021-08-06,38
1567,21,2021-08-07,16
1568,31,2021-08-05,28
1569,27,2021-08-07,100
1570,38,2021-08-05,16
1571,10,2021-08-06,1
1572,37,2021-08-07,29
1573,43,2021-08-08,26
1574,11,2021-08-03,77
1575,34,2021-08-03,1
1576,36,2021-08-06,57
1577,27,2021-08-05,18
1578,29,2021-08-07,85
1579,30,2021-08-08,2
1580,4,2021-08-08,19
1581,36,2021-08-03,2
1582,35,2021-08-05,68
1583,25,2021-08-06,32
1584,39,2021-08-05,98
1585,21,2021-08-08,19
1586,31,2021-08-06,42
1587,21,2021-08-04,28
1588,43,2021-08-02,99
1589,3,2021-08-04,73
1590,30,2021-08-05,21
1591,8,2021-08-06,1
1592,8,2021-08-10,90
1593,43,2021-08-03,44
1594,45,2021-08-11,54
1595,22,2021-08-10,1
1596,34,2021-08-03,77
1597,48,2021-08-03,45
1598,14,2021-08-01,83
1599,22,2021-08-11,35
1600,16,2021-08-04,74
1601,33,2021-08-04,70
1602,41,2021-08-09,31
1603,2,2021-08-02,95
1604,2,2021-08-03,12
1605,16,2021-08-04,13
1606,25,2021-08-06,8
1607,34,2021-08-01,88
1608,17,2021-08-01,93
1609,1,2021-08-07,26
1610,9,2021-08-08,90
1611,16,2021-08-03,93
1612,26,2021-08-11,10
1613,27,2021-08-02,28
1614,11,2021-08-04,58
1615,1,2021-08-08,60
1616,47,2021-08-04,29
1617,38,2021-08-04,31
1618,38,2021-08-06,8
1619,34,2021-08-02,11
1620,38,2021-08-01,46
1621,4,2021-08-08,36
1622,12,2021-08-07,31
1623,7,2021-08-01,29
1624,29,2021-08-09,89
1625,25,2021-08-05,7
1626,17,2021-08-01,85
1627,1,2021-08-10,91
1628,17,2021-08-06,77
1629,26,2021-08-04,72
1630,24,2021-08-07,47
1631,44,2021-08-10,88
1632,45,2021-08-07,22
1633,13,2021-08-01,67
1634,29,2021-08-04,32
1635,45,2021-08-09,94
1636,8,2021-08-01,22
1637,31,2021-08-10,93
1638,46,2021-08-08,75
1639,17,2021-08-07,56
1640,46,2021-08-10,99
1641,38,2021-08-04,94
1642,19,2021-08-10,37
1643,42,2021-08-02,81
1644,46,2021-08-07,65
1645,3,2021-08-06,38
1646,1,2021-08-09,11
1647,16,2021-08-11,31
1648,44,2021-08-02,48
1649,48,2021-08-10,88
1650,16,2021-08-03,40
1651,32,2021-08-06,56
1652,30,2021-08-07,34
1653,37,2021-08-02,70
1654,15,2021-08-07,78
1655,9,2021-08-06,63
1656,34,2021-08-02,38
1657,34,2021-08-11,59
1658,1,2021-08-10,51
1659,1,2021-08-02,94
1660,39,2021-08-08,43
1661,23,2021-08-01,46
1662,26,2021-08-10,35
1663,37,2021-08-10,19
1664,35,2021-08-07,84
1665,43,2021-08-04,35
1666,33,2021-08-09,49
1667,27,2021-08-08,22
1668,40,2021-08-02,69
1669,22,2021-08-06,23
1670,43,2021-08-06,17
1671,6,2021-08-01,71
1672,45,2021-08-08,95
1673,49,2021-08-07,70
1674,35,2021-08-10,77
1675,25,2021-08-01,32
1676,41,2021-08-10,18
1677,33,2021-08-11,74
1678,6,2021-08-07,97
1679,48,2021-08-06,21
1680,23,2021-08-07,30
1681,49,2021-08-04,28
1682,46,2021-08-09,97
1683,9,2021-08-01,71
1684,40,2021-08-04,54
1685,38,2021-08-06,20
1686,33,2021-08-04,46
1687,48,2021-08-02,88
1688,9,2021-08-05,68
1689,11,2021-08-05,89
1690,32,2021-08-10,33
1691,22,2021-08-11,94
1692,44,2021-08-07,93
1693,45,2021-08-10,66
1694,47,2021-08-07,97
1695,15,2021-08-02,56
1696,33,2021-08-11,82
1697,46,2021-08-03,33
1698,30,2021-08-01,73
1699,15,2021-08-11,68
1700,20,2021-08-05,97
1701,40,2021-08-10,87
1702,46,2021-08-02,77
1703,23,2021-08-06,49
1704,8,2021-08-09,97
1705,12,2021-08-07,54
1706,34,2021-08-04,20
1707,6,2021-08-05,64
1708,17,2021-08-10,31
1709,20,2021-08-01,32
1710,49,2021-08-03,63
1711,41,2021-08-09,94
1712,10,2021-08-10,8
1713,21,2021-08-05,12
1714,15,2021-08-08,95
1715,31,2021-08-02,55
1716,33,2021-08-02,90
1717,48,2021-08-09,52
1718,49,2021-08-03,72
1719,27,2021-08-10,10
1720,31,2021-08-09,7
1721,16,2021-08-06,14
1722,20,2021-08-11,14
1723,37,2021-08-09,99
1724,23,2021-08-11,10
1725,37,2021-08-02,56
1726,23,2021-08-05,76
1727,33,2021-08-01,3
1728,21,2021-08-08,57
1729,37,2021-08-02,5
1730,34,2021-08-07,51
1731,12,2021-08-11,47
1732,5,2021-08-02,35
1733,42,2021-08-03,24
1734,33,2021-08-04,55
1735,22,2021-08-02,11
1736,6,2021-08-10,33
1737,33,2021-08-02,34
1738,41,2021-08-03,68
1739,30,2021-08-04,10
1740,35,2021-08-05,6
1741,37,2021-08-10,28
1742,19,2021-08-06,12
1743,41,2021-08-05,12
1744,11,2021-08-11,58
1745,32,2021-08-07,81
1746,28,2021-08-01,37
1747,12,2021-08-03,88
1748,6,2021-08-01,82
1749,22,2021-08-05,9
1750,16,2021-08-08,79
1751,34,2021-08-02,68
1752,6,2021-08-09,92
1753,8,2021-08-03,30
1754,1,2021-08-09,40
1755,38,2021-08-02,88
1756,22,2021-08-03,85
1757,25,2021-08-05,63
1758,43,2021-08-06,31
1759,14,2021-08-03,18
1760,5,2021-08-01,66
1761,23,2021-08-04,28
1762,19,2021-08-09,24
1763,16,2021-08-11,9
1764,35,2021-08-08,100
1765,13,2021-08-04,38
1766,11,2021-08-02,42
1767,21,2021-08-02,89
1768,41,2021-08-09,95
1769,30,2021-08-02,92
1770,12,2021-08-09,88
1771,33,2021-08-08,24
1772,44,2021-08-05,63
1773,35,2021-08-09,39
1774,32,2021-08-05,77
1775,28,2021-08-08,57
1776,11,2021-08-05,43
1777,38,2021-08-07,95
1778,37,2021-08-10,47
1779,33,2021-08-02,50
1780,27,2021-08-05,48
1781,1,2021-08-11,2
1782,49,2021-08-07,7
1783,12,2021-08-10,3
1784,9,2021-08-01,93
1785,9,2021-08-05,27
1786,13,2021-08-10,62
1787,21,2021-08-06,10
1788,42,2021-08-09,26
1789,40,2021-08-05,4
1790,29,2021-08-11,82
1791,47,2021-08-11,16
1792,2,2021-08-06,25
1793,32,2021-08-09,27
1794,13,2021-08-01,89
1795,2,2021-08-11,39
1796,42,2021-08-05,11
1797,14,2021-08-04,42
1798,36,2021-08-06,37
1799,21,2021-08-08,9
1800,43,2021-08-11,56
1801,26,2021-08-02,15
1802,15,2021-08-05,94
1803,17,2021-08-01,26
1804,39,2021-08-09,78
1805,7,2021-08-04,76
1806,33,2021-08-05,58
1807,34,2021-08-05,52
1808,42,2021-08-10,34
1809,18,2021-08-09,7
1810,14,2021-08-10,27
1811,9,2021-08-02,61
1812,48,2021-08-08,74
1813,44,2021-08-02,4
1814,14,2021-08-11,70
1815,48,2021-08-08,88
1816,38,2021-08-08,67
1817,26,2021-08-07,48
1818,45,2021-08-08,14
1819,32,2021-08-10,29
1820,17,2021-08-11,27
1821,19,2021-08-10,63
1822,9,2021-08-02,24
1823,10,2021-08-09,39
1824,38,2021-08-05,33
1825,29,2021-08-07,18
1826,47,2021-08-01,55
1827,16,2021-08-06,9
1828,32,2021-08-11,11
1829,16,2021-08-11,61
1830,31,2021-08-05,81
1831,29,2021-08-07,9
1832,19,2021-08-08,29
1833,32,2021-08-02,78
1834,25,2021-08-09,11
1835,4,2021-08-10,56
1836,21,2021-08-04,82
1837,6,2021-08-03,42
1838,1,2021-08-06,71
1839,42,2021-08-02,72
1840,45,2021-08-05,82
1841,49,2021-08-03,87
1842,9,2021-08-08,76
1843,17,2021-08-08,52
1844,5,2021-08-06,38
1845,4,2021-08-09,34
1846,15,2021-08-02,59
1847,20,2021-08-10,99
1848,15,2021-08-02,28
1849,14,2021-08-08,73
1850,8,2021-08-05,42
1851,21,2021-08-03,74
1852,44,2021-08-08,81
1853,12,2021-08-02,85
1854,29,2021-08-07,51
1855,24,2021-08-04,57
1856,2,2021-08-08,39
1857,34,2021-08-03,63
1858,35,2021-08-02,8
1859,34,2021-08-02,30
1860,18,2021-08-10,19
1861,43,2021-08-06,25
1862,8,2021-08-08,16
1863,5,2021-08-10,11
1864,14,2021-08-11,41
1865,32,2021-08-08,28
1866,32,2021-08-04,19
1867,17,2021-08-01,8
1868,10,2021-08-03,58
1869,19,2021-08-04,61
1870,36,2021-08-10,50
1871,29,2021-08-10,19
1872,46,2021-08-06,32
1873,24,2021-08-08,99
1874,4,2021-08-10,8
1875,36,2021-08-03,40
1876,15,2021-08-10,11
1877,39,2021-08-11,86
1878,40,2021-08-06,36
1879,17,2021-08-04,78
1880,15,2021-08-02,69
1881,14,2021-08-03,96
1882,33,2021-08-08,24
1883,39,2021-08-11,92
1884,29,2021-08-05,4
1885,49,2021-08-06,26
1886,47,2021-08-10,18
1887,42,2021-08-03,68
1888,40,2021-08-11,78
1889,15,2021-08-01,95
1890,30,2021-08-09,91
1891,10,2021-08-07,24
1892,47,2021-08-09,27
1893,13,2021-08-03,3
1894,26,2021-08-03,70
1895,49,2021-08-11,39
1896,8,2021-08-08,51
1897,15,2021-08-03,31
1898,30,2021-08-02,20
1899,4,2021-08-04,36
1900,17,2021-08-07,94
1901,24,2021-08-10,8
1902,21,2021-08-02,42
1903,18,2021-08-07,22
1904,20,2021-08-01,87
1905,44,2021-08-08,63
1906,8,2021-08-06,19
1907,31,2021-08-09,66
1908,33,2021-08-06,5
1909,43,2021-08-06,72
1910,31,2021-08-05,45
1911,2,2021-08-03,34
1912,24,2021-08-01,98
1913,33,2021-08-10,77
1914,1,2021-08-02,75
1915,32,2021-08-08,75
1916,5,2021-08-06,69
1917,25,2021-08-10,33
1918,19,2021-08-10,93
1919,8,2021-08-08,72
1920,29,2021-08-01,10
1921,3,2021-08-08,95
1922,6,2021-08-03,43
1923,36,2021-08-03,60
1924,15,2021-08-05,94
1925,30,2021-08-07,22
1926,19,2021-08-11,22
1927,36,2021-08-09,63
1928,37,2021-08-05,38
1929,18,2021-08-04,47
1930,40,2021-08-03,82
1931,6,2021-08-08,27
1932,48,2021-08-04,55
1933,42,2021-08-07,33
1934,45,2021-08-03,4
1935,15,2021-08-11,94
1936,32,2021-08-01,93
1937,29,2021-08-07,39
1938,23,2021-08-08,44
1939,35,2021-08-07,7
1940,4,2021-08-09,32
1941,32,2021-08-08,94
1942,28,2021-08-10,84
1943,29,2021-08-08,87
1944,24,2021-08-10,51
1945,5,2021-08-08,82
1946,18,2021-08-02,62
1947,34,2021-08-06,59
1948,7,2021-08-05,85
1949,37,2021-08-04,39
1950,26,2021-08-05,55
1951,30,2021-08-08,33
1952,14,2021-08-08,3
1953,46,2021-08-01,20
1954,38,2021-08-02,95
1955,4,2021-08-02,35
1956,31,2021-08-05,100
1957,2,2021-08-05,17
1958,28,2021-08-09,20
1959,14,2021-08-05,34
1960,15,2021-08-03,30
1961,20,2021-08-01,52
1962,48,2021-08-10,70
1963,32,2021-08-04,61
1964,33,2021-08-04,91
1965,28,2021-08-10,65
1966,25,2021-08-07,56
1967,37,2021-08-03,93
1968,39,2021-08-02,6
1969,14,2021-08-03,28
1970,43,2021-08-06,92
1971,22,2021-08-09,43
1972,39,2021-08-02,51
1973,17,2021-08-04,56
1974,47,2021-08-03,22
1975,12,2021-08-08,90
1976,6,2021-08-04,33
1977,22,2021-08-03,93
1978,9,2021-08-06,10
1979,36,2021-08-08,47
1980,9,2021-08-01,14
1981,22,2021-08-06,43
1982,48,2021-08-10,99
1983,22,2021-08-03,49
1984,49,2021-08-10,42
1985,33,2021-08-08,38
1986,3,2021-08-04,47
1987,4,2021-08-02,95
1988,25,2021-08-08,3
1989,33,2021-08-11,31
1990,29,2021-08-07,25
1991,30,2021-08-10,57
1992,19,2021-08-10,37
1993,48,2021-08-01,11
1994,4,2021-08-11,68
1995,32,2021-08-07,98
1996,6,2021-08-07,60
1997,3,2021-08-04,93
1998,10,2021-08-08,32
1999,39,2021-08-04,82
2000,3,2021-08-01,39
2001,10,2021-08-04,15
2002,34,2021-08-05,22
2003,46,2021-08-09,71
2004,1,2021-08-05,71
2005,38,2021-08-09,33
2006,4,2021-08-07,50
2007,38,2021-08-02,16
2008,33,2021-08-06,70
2009,18,2021-08-10,53
2010,47,2021-08-08,85
2011,43,2021-08-08,23
2012,42,2021-08-10,14
2013,44,2021-08-02,16
2014,13,2021-08-08,55
2015,2,2021-08-06,1
2016,1,2021-08-02,64
2017,7,2021-08-02,3
2018,24,2021-08-11,95
2019,22,2021-08-04,83
2020,40,2021-08-08,49
2021,30,2021-08-08,8
2022,3,2021-08-01,55
2023,39,2021-08-08,67
2024,25,2021-08-06,49
2025,33,2021-08-06,76
2026,7,2021-08-09,5
2027,20,2021-08-04,11
2028,19,2021-08-07,49
2029,1,2021-08-09,39
2030,37,2021-08-04,20
2031,21,2021-08-11,65
2032,16,2021-08-08,99
2033,21,2021-08-04,40
2034,1,2021-08-04,1
2035,14,2021-08-09,27
2036,36,2021-08-03,21
2037,17,2021-08-04,28
2038,6,2021-08-02,98
2039,29,2021-08-09,6
2040,7,2021-08-07,69
2041,42,2021-08-05,25
2042,20,2021-08-02,67
2043,31,2021-08-10,33
2044,34,2021-08-09,98
2045,48,2021-08-08,86
2046,33,2021-08-02,33
2047,20,2021-08-03,31
2048,20,2021-08-05,41
2049,25,2021-08-10,26
2050,42,2021-08-05,70
2051,5,2021-08-11,57
2052,33,2021-08-02,84
2053,2,2021-08-08,58
2054,2,2021-08-10,38
2055,19,2021-08-04,73
2056,19,2021-08-07,45
2057,22,2021-08-01,25
2058,7,2021-08-03,27
2059,28,2021-08-03,21
2060,36,2021-08-11,22
2061,32,2021-08-06,1
2062,1,2021-08-06,73
2063,47,2021-08-11,21
2064,48,2021-08-02,59
2065,23,2021-08-04,48
2066,31,2021-08-01,22
2067,1,2021-08-04,47
2068,3,2021-08-06,34
2069,8,2021-08-02,66
2070,47,2021-08-11,39
2071,20,2021-08-04,98
2072,24,2021-08-08,58
2073,10,2021-08-04,2
2074,32,2021-08-11,15
2075,37,2021-08-10,39
2076,11,2021-08-09,50
2077,35,2021-08-07,23
2078,15,2021-08-10,13
2079,12,2021-08-03,68
2080,13,2021-08-10,41
2081,39,2021-08-11,45
2082,2,2021-08-05,64
2083,44,2021-08-11,65
2084,35,2021-08-02,11
2085,14,2021-08-06,8
2086,47,2021-08-02,25
2087,28,2021-08-10,47
2088,48,2021-08-03,9
2089,44,2021-08-05,41
2090,31,2021-08-09,30
2091,43,2021-08-07,15
2092,21,2021-08-09,8
2093,40,2021-08-01,46
2094,26,2021-08-11,79
2095,11,2021-08-08,85
2096,41,2021-08-04,90
2097,18,2021-08-10,57
2098,37,2021-08-07,68
2099,34,2021-08-08,93
2100,41,2021-08-03,82
2101,14,2021-08-01,52
2102,31,2021-08-04,94
2103,10,2021-08-07,76
2104,21,2021-08-01,15
2105,47,2021-08-05,37
2106,42,2021-08-09,19
2107,35,2021-08-05,24
2108,21,2021-08-10,71
2109,32,2021-08-04,51
2110,9,2021-08-04,27
2111,27,2021-08-07,72
2112,49,2021-08-10,77
2113,15,2021-08-04,37
2114,29,2021-08-10,10
2115,28,2021-08-06,96
2116,41,2021-08-05,32
2117,30,2021-08-10,100
2118,7,2021-08-09,26
2119,2,2021-08-05,40
2120,26,2021-08-04,17
2121,17,2021-08-03,30
2122,2,2021-08-07,38
2123,22,2021-08-08,73
2124,15,2021-08-03,37
2125,26,2021-08-04,65
2126,38,2021-08-09,88
2127,44,2021-08-01,76
2128,36,2021-08-07,12
2129,4,2021-08-09,60
2130,1,2021-08-07,80
2131,19,2021-08-06,20
2132,2,2021-08-11,39
2133,14,2021-08-08,43
2134,13,2021-08-02,100
2135,39,2021-08-01,57
2136,21,2021-08-06,17
2137,49,2021-08-02,61
2138,36,2021-08-01,50
2139,7,2021-08-08,65
2140,25,2021-08-08,78
2141,28,2021-08-07,44
2142,5,2021-08-07,92
2143,14,2021-08-10,82
2144,19,2021-08-06,80
2145,39,2021-08-05,37
2146,2,2021-08-11,84
2147,24,2021-08-03,7
2148,43,2021-08-03,58
2149,16,2021-08-01,49
2150,34,2021-08-01,26
2151,26,2021-08-03,92
2152,34,2021-08-03,40
2153,4,2021-08-02,75
2154,35,2021-08-05,85
2155,17,2021-08-08,94
2156,26,2021-08-01,69
2157,43,2021-08-11,17
2158,13,2021-08-08,29
2159,21,2021-08-10,99
2160,38,2021-08-10,23
2161,40,2021-08-08,78
2162,12,2021-08-01,80
2163,4,2021-08-07,95
2164,43,2021-08-11,98
2165,29,2021-08-09,2
2166,8,2021-08-01,24
2167,10,2021-08-01,31
2168,44,2021-08-01,43
2169,11,2021-08-02,88
2170,29,2021-08-09,75
2171,5,2021-08-09,82
2172,7,2021-08-09,9
2173,13,2021-08-03,69
2174,8,2021-08-03,94
2175,33,2021-08-05,45
2176,45,2021-08-10,90
2177,26,2021-08-09,88
2178,49,2021-08-03,97
2179,30,2021-08-04,47
2180,12,2021-08-04,13
2181,25,2021-08-03,78
2182,45,2021-08-10,29
2183,7,2021-08-10,11
2184,18,2021-08-02,22
2185,30,2021-08-10,61
2186,41,2021-08-08,43
2187,24,2021-08-10,13
2188,46,2021-08-06,67
2189,44,2021-08-06,92
2190,49,2021-08-08,10
2191,28,2021-08-07,97
2192,46,2021-08-09,4
2193,31,2021-08-08,77
2194,38,2021-08-02,23
2195,35,2021-08-05,89
2196,31,2021-08-02,64
2197,14,2021-08-09,55
2198,1,2021-08-11,72
2199,5,2021-08-11,52
2200,9,2021-08-06,13
2201,15,2021-08-05,60
2202,18,2021-08-05,48
2203,29,2021-08-01,6
2204,28,2021-08-08,5
2205,34,2021-08-08,94
2206,43,2021-08-10,61
2207,41,2021-08-10,14
2208,40,2021-08-09,62
2209,30,2021-08-04,84
2210,31,2021-08-02,84
2211,38,2021-08-10,3
2212,26,2021-08-03,46
2213,39,2021-08-05,26
2214,24,2021-08-02,6
2215,11,2021-08-01,11
2216,16,2021-08-09,21
2217,27,2021-08-11,28
2218,30,2021-08-04,88
2219,8,2021-08-03,6
2220,22,2021-08-07,11
2221,6,2021-08-02,19
2222,25,2021-08-07,95
2223,43,2021-08-04,92
2224,9,2021-08-04,36
2225,9,2021-08-04,88
2226,35,2021-08-06,60
2227,37,2021-08-05,82
2228,11,2021-08-08,85
2229,41,2021-08-11,81
2230,34,2021-08-11,71
2231,27,2021-08-05,18
2232,5,2021-08-06,5
2233,49,2021-08-09,75
2234,4,2021-08-08,73
2235,28,2021-08-07,26
2236,32,2021-08-07,74
2237,26,2021-08-07,15
2238,45,2021-08-08,14
2239,32,2021-08-01,67
2240,43,2021-08-08,41
2241,31,2021-08-10,52
2242,18,2021-08-07,57
2243,48,2021-08-05,38
2244,16,2021-08-01,71
2245,16,2021-08-11,81
2246,11,2021-08-01,86
2247,45,2021-08-03,52
2248,22,2021-08-10,49
2249,5,2021-08-01,3
2250,20,2021-08-01,33
2251,27,2021-08-07,70
2252,7,2021-08-03,3
2253,21,2021-08-11,20
2254,43,2021-08-10,74
2255,12,2021-08-07,73
2256,22,2021-08-11,3
2257,11,2021-08-07,86
2258,43,2021-08-05,29
2259,17,2021-08-07,1
2260,15,2021-08-04,84
2261,26,2021-08-07,33
2262,29,2021-08-04,20
2263,43,2021-08-10,61
2264,18,2021-08-09,48
2265,8,2021-08-07,95
2266,26,2021-08-03,46
2267,19,2021-08-01,72
2268,1,2021-08-04,42
2269,21,2021-08-10,85
2270,22,2021-08-03,80
2271,11,2021-08-04,94
2272,13,2021-08-10,94
2273,30,2021-08-05,43
2274,19,2021-08-02,37
2275,28,2021-08-09,96
2276,14,2021-08-06,85
2277,27,2021-08-10,86
2278,23,2021-08-03,9
2279,40,2021-08-11,8
2280,17,2021-08-01,41
2281,33,2021-08-06,56
2282,25,2021-08-08,52
2283,1,2021-08-01,60
2284,31,2021-08-02,61
2285,15,2021-08-03,9
2286,37,2021-08-10,92
2287,32,2021-08-09,13
2288,14,2021-08-07,99
2289,10,2021-08-10,73
2290,40,2021-08-07,75
2291,3,2021-08-10,72
2292,7,2021-08-02,18
2293,3,2021-08-08,43
2294,37,2021-08-07,22
2295,39,2021-08-09,50
2296,45,2021-08-02,31
2297,40,2021-08-04,61
2298,46,2021-08-08,93
2299,15,2021-08-10,88
2300,33,2021-08-09,73
2301,24,2021-08-01,33
2302,24,2021-08-08,10
2303,35,2021-08-01,85
2304,6,2021-08-02,16
2305,12,2021-08-06,88
2306,8,2021-08-06,40
2307,33,2021-08-09,70
2308,3,2021-08-02,22
2309,27,2021-08-08,40
2310,35,2021-08-11,99
2311,11,2021-08-09,7
2312,19,2021-08-02,46
2313,21,2021-08-06,41
2314,41,2021-08-11,59
2315,1,2021-08-02,87
2316,21,2021-08-06,24
2317,39,2021-08-03,46
2318,2,2021-08-11,86
2319,25,2021-08-01,90
2320,6,2021-08-05,10
2321,41,2021-08-02,79
2322,9,2021-08-07,73
2323,25,2021-08-10,11
2324,4,2021-08-11,45
2325,40,2021-08-09,15
2326,26,2021-08-10,49
2327,13,2021-08-07,15
2328,42,2021-08-10,99
2329,42,2021-08-10,63
2330,8,2021-08-05,55
2331,25,2021-08-03,79
2332,10,2021-08-10,14
2333,32,2021-08-06,99
2334,37,2021-08-07,94
2335,1,2021-08-11,20
2336,22,2021-08-03,82
2337,27,2021-08-02,78
2338,17,2021-08-07,89
2339,47,2021-08-03,27
2340,17,2021-08-10,18
2341,10,2021-08-01,19
2342,3,2021-08-11,34
2343,1,2021-08-09,23
2344,14,2021-08-01,34
2345,14,2021-08-03,96
2346,4,2021-08-08,61
2347,6,2021-08-05,56
2348,35,2021-08-04,68
2349,5,2021-08-10,66
2350,15,2021-08-10,22
2351,23,2021-08-01,64
2352,12,2021-08-04,43
2353,40,2021-08-09,44
2354,39,2021-08-11,60
2355,6,2021-08-01,79
2356,20,2021-08-05,82
2357,7,2021-08-11,8
2358,16,2021-08-04,47
2359,6,2021-08-04,96
2360,26,2021-08-06,8
2361,22,2021-08-07,2
2362,14,2021-08-10,44
2363,34,2021-08-07,27
2364,15,2021-08-11,30
2365,26,2021-08-03,68
2366,2,2021-08-07,30
2367,40,2021-08-08,38
2368,7,2021-08-08,37
2369,32,2021-08-03,3
2370,1,2021-08-05,38
2371,14,2021-08-03,22
2372,17,2021-08-07,72
2373,25,2021-08-06,54
2374,46,2021-08-06,89
2375,14,2021-08-09,52
2376,29,2021-08-11,64
2377,29,2021-08-02,16
2378,29,2021-08-02,5
2379,41,2021-08-05,54
2380,27,2021-08-10,82
2381,49,2021-08-11,78
2382,34,2021-08-07,55
2383,11,2021-08-03,31
2384,17,2021-08-04,25
2385,6,2021-08-04,66
2386,19,2021-08-03,87
2387,9,2021-08-09,22
2388,32,2021-08-05,89
2389,41,2021-08-01,94
2390,14,2021-08-06,20
2391,37,2021-08-09,18
2392,17,2021-08-04,26
2393,3,2021-08-09,84
2394,25,2021-08-11,23
2395,25,2021-08-04,21
2396,39,2021-08-04,79
2397,46,2021-08-10,91
2398,4,2021-08-08,73
2399,20,2021-08-07,6
2400,12,2021-08-11,25
2401,8,2021-08-02,60
2402,41,2021-08-01,94
2403,48,2021-08-09,64
2404,22,2021-08-08,27
2405,27,2021-08-03,51
2406,38,2021-08-10,88
2407,49,2021-08-10,78
2408,35,2021-08-05,94
2409,43,2021-08-05,51
2410,17,2021-08-11,96
2411,40,2021-08-06,52
2412,9,2021-08-05,15
2413,22,2021-08-07,75
2414,8,2021-08-10,13
2415,30,2021-08-05,5
2416,19,2021-08-11,96
2417,42,2021-08-09,46
2418,38,2021-08-04,79
2419,34,2021-08-05,5
2420,32,2021-08-02,83
2421,19,2021-08-07,12
2422,1,2021-08-05,84
2423,31,2021-08-09,57
2424,23,2021-08-10,55
2425,25,2021-08-09,13
2426,10,2021-08-07,9
2427,25,2021-08-01,3
2428,49,2021-08-04,40
2429,16,2021-08-07,34
2430,1,2021-08-08,4
2431,25,2021-08-01,9
2432,11,2021-08-01,56
2433,29,2021-08-06,84
2434,11,2021-08-11,94
2435,2,2021-08-11,64
2436,5,2021-08-01,49
2437,13,2021-08-09,18
2438,14,2021-08-02,40
2439,5,2021-08-06,87
2440,25,2021-08-09,3
2441,36,2021-08-01,58
2442,14,2021-08-01,74
2443,28,2021-08-11,48
2444,2,2021-08-04,57
2445,28,2021-08-06,41
2446,40,2021-08-04,10
2447,36,2021-08-10,92
2448,34,2021-08-10,30
2449,27,2021-08-09,5
2450,11,2021-08-01,46
2451,25,2021-08-11,52
2452,38,2021-08-02,31
2453,39,2021-08-08,32
2454,49,2021-08-07,93
2455,35,2021-08-08,59
2456,29,2021-08-11,46
2457,25,2021-08-05,17
2458,25,2021-08-01,56
2459,29,2021-08-03,23
2460,23,2021-08-10,76
2461,32,2021-08-04,31
2462,4,2021-08-04,49
2463,48,2021-08-02,1
2464,19,2021-08-08,22
2465,11,2021-08-03,29
2466,22,2021-08-08,43
2467,15,2021-08-06,36
2468,23,2021-08-08,9
2469,39,2021-08-03,41
2470,26,2021-08-01,49
2471,2,2021-08-01,32
2472,4,2021-08-08,23
2473,9,2021-08-01,93
2474,6,2021-08-05,14
2475,13,2021-08-08,50
2476,10,2021-08-04,74
2477,31,2021-08-06,13
2478,30,2021-08-02,61
2479,35,2021-08-10,42
2480,5,2021-08-05,32
2481,25,2021-08-05,10
2482,43,2021-08-09,11
2483,36,2021-08-04,5
2484,27,2021-08-01,41
2485,11,2021-08-07,63
2486,20,2021-08-08,59
2487,21,2021-08-04,10
2488,48,2021-08-09,11
2489,34,2021-08-01,87
2490,38,2021-08-11,3
2491,35,2021-08-10,57
2492,27,2021-08-08,2
2493,12,2021-08-04,5
2494,7,2021-08-02,26
2495,46,2021-08-11,16
2496,33,2021-08-07,35
2497,2,2021-08-11,38
2498,1,2021-08-10,41
2499,20,2021-08-04,50
2500,21,2021-08-01,65
2501,15,2021-08-11,31
2502,26,2021-08-02,68
2503,13,2021-08-09,49
2504,35,2021-08-01,73
2505,8,2021-08-10,7
2506,8,2021-08-07,20
2507,38,2021-08-03,98
2508,44,2021-08-11,20
2509,20,2021-08-10,49
2510,13,2021-08-11,62
2511,22,2021-08-09,23
2512,19,2021-08-10,95
2513,17,2021-08-02,55
2514,1,2021-08-08,48
2515,19,2021-08-04,50
2516,1,2021-08-08,11
2517,31,2021-08-08,74
2518,29,2021-08-07,51
2519,22,2021-08-01,50
2520,6,2021-08-08,8
2521,22,2021-08-05,92
2522,26,2021-08-03,63
2523,40,2021-08-01,86
2524,29,2021-08-08,10
2525,30,2021-08-05,85
2526,46,2021-08-08,78
2527,10,2021-08-01,39
2528,22,2021-08-08,53
2529,43,2021-08-08,90
2530,39,2021-08-03,69
2531,29,2021-08-06,8
2532,29,2021-08-01,75
2533,17,2021-08-02,39
2534,45,2021-08-02,54
2535,33,2021-08-03,20
2536,31,2021-08-02,29
2537,8,2021-08-09,67
2538,44,2021-08-10,97
2539,1,2021-08-06,95
2540,7,2021-08-11,79
2541,45,2021-08-07,21
2542,40,2021-08-09,19
2543,14,2021-08-11,12
2544,12,2021-08-03,49
2545,33,2021-08-09,13
2546,46,2021-08-01,49
2547,39,2021-08-09,47
2548,27,2021-08-05,9
2549,23,2021-08-07,40
2550,39,2021-08-10,64
